Datetime,AAPL,GOOG,MSFT
2025-04-11 13:30:00+00:00,187.5800018310547,156.10000610351562,382.0199890136719
2025-04-11 13:31:00+00:00,188.11000061035156,156.05999755859375,381.55999755859375
2025-04-11 13:32:00+00:00,187.91009521484375,156.27999877929688,381.4800109863281
2025-04-11 13:33:00+00:00,188.4250030517578,156.35000610351562,382.1099853515625
2025-04-11 13:34:00+00:00,188.26499938964844,156.65499877929688,382.4100036621094
2025-04-11 13:35:00+00:00,188.15499877929688,156.8000030517578,382.06988525390625
2025-04-11 13:36:00+00:00,189.33999633789062,156.86000061035156,381.7550048828125
2025-04-11 13:37:00+00:00,189.30999755859375,156.5500030517578,381.34869384765625
2025-04-11 13:38:00+00:00,190.4199981689453,157.03500366210938,382.6400146484375
2025-04-11 13:39:00+00:00,190.23500061035156,156.99000549316406,383.3450012207031
2025-04-11 13:40:00+00:00,189.77850341796875,156.5399932861328,381.74749755859375
2025-04-11 13:41:00+00:00,189.8217010498047,156.75999450683594,382.0249938964844
2025-04-11 13:42:00+00:00,190.4499969482422,157.19000244140625,383.2900085449219
2025-04-11 13:43:00+00:00,190.65499877929688,157.4199981689453,383.80999755859375
2025-04-11 13:44:00+00:00,190.72999572753906,157.58999633789062,384.260009765625
2025-04-11 13:45:00+00:00,191.1999969482422,157.64999389648438,384.3999938964844
2025-04-11 13:46:00+00:00,191.6300048828125,157.93960571289062,385.10650634765625
2025-04-11 13:47:00+00:00,191.85499572753906,158.36000061035156,385.2449951171875
2025-04-11 13:48:00+00:00,191.47999572753906,157.9149932861328,385.17999267578125
2025-04-11 13:49:00+00:00,191.39999389648438,158.05499267578125,385.0299987792969
2025-04-11 13:50:00+00:00,191.11090087890625,157.59129333496094,384.8450012207031
2025-04-11 13:51:00+00:00,191.30999755859375,157.85000610351562,384.6700134277344
2025-04-11 13:52:00+00:00,191.8699951171875,158.22000122070312,384.9840087890625
2025-04-11 13:53:00+00:00,192.86000061035156,158.58999633789062,385.54998779296875
2025-04-11 13:54:00+00:00,192.6999969482422,158.74000549316406,385.510009765625
2025-04-11 13:55:00+00:00,192.2100067138672,158.3800048828125,385.025390625
2025-04-11 13:56:00+00:00,192.46490478515625,158.4499969482422,385.5318908691406
2025-04-11 13:57:00+00:00,191.94000244140625,158.01499938964844,384.7699890136719
2025-04-11 13:58:00+00:00,191.52000427246094,157.94000244140625,384.19268798828125
2025-04-11 13:59:00+00:00,191.5529022216797,157.8000030517578,384.88751220703125
2025-04-11 14:00:00+00:00,191.0500030517578,157.3699951171875,383.3949890136719
2025-04-11 14:01:00+00:00,190.722900390625,157.1999969482422,382.5299987792969
2025-04-11 14:02:00+00:00,190.72500610351562,157.0800018310547,382.2814025878906
2025-04-11 14:03:00+00:00,190.85679626464844,157.11000061035156,382.02880859375
2025-04-11 14:04:00+00:00,191.3800048828125,157.2550048828125,382.8999938964844
2025-04-11 14:05:00+00:00,190.99009704589844,157.4199981689453,382.8900146484375
2025-04-11 14:06:00+00:00,191.19000244140625,157.5749969482422,383.10150146484375
2025-04-11 14:07:00+00:00,192.15499877929688,158.1573028564453,383.81500244140625
2025-04-11 14:08:00+00:00,191.7899932861328,158.0800018310547,383.7200012207031
2025-04-11 14:09:00+00:00,192.48800659179688,158.2449951171875,384.04998779296875
2025-04-11 14:10:00+00:00,192.30999755859375,158.0850067138672,384.07501220703125
2025-04-11 14:11:00+00:00,191.2310028076172,157.5399932861328,382.9549865722656
2025-04-11 14:12:00+00:00,191.0762939453125,157.31500244140625,382.4570007324219
2025-04-11 14:13:00+00:00,191.47520446777344,157.58999633789062,383.1099853515625
2025-04-11 14:14:00+00:00,191.4600067138672,157.68499755859375,383.5150146484375
2025-04-11 14:15:00+00:00,192.3000030517578,157.91000366210938,383.8500061035156
2025-04-11 14:16:00+00:00,191.67999267578125,157.64999389648438,383.5299987792969
2025-04-11 14:17:00+00:00,191.1699981689453,157.13999938964844,382.5350036621094
2025-04-11 14:18:00+00:00,190.9499969482422,157.0050048828125,382.2250061035156
2025-04-11 14:19:00+00:00,190.64999389648438,156.7100067138672,381.3399963378906
2025-04-11 14:20:00+00:00,190.50999450683594,156.50999450683594,380.8599853515625
2025-04-11 14:21:00+00:00,190.61000061035156,156.47999572753906,380.4649963378906
2025-04-11 14:22:00+00:00,190.17999267578125,156.1300048828125,379.94000244140625
2025-04-11 14:23:00+00:00,189.6300048828125,155.97999572753906,379.4649963378906
2025-04-11 14:24:00+00:00,190.3300018310547,156.39939880371094,380.30999755859375
2025-04-11 14:25:00+00:00,190.7449951171875,156.66000366210938,380.4800109863281
2025-04-11 14:26:00+00:00,190.2100067138672,156.4600067138672,380.1050109863281
2025-04-11 14:27:00+00:00,190.55499267578125,156.52000427246094,380.135009765625
2025-04-11 14:28:00+00:00,189.83999633789062,156.25999450683594,379.5400085449219
2025-04-11 14:29:00+00:00,189.92999267578125,156.36000061035156,379.5950012207031
2025-04-11 14:30:00+00:00,190.55999755859375,156.97000122070312,380.45001220703125
2025-04-11 14:31:00+00:00,191.0493927001953,157.0500030517578,380.82000732421875
2025-04-11 14:32:00+00:00,190.80499267578125,156.9199981689453,380.8299865722656
2025-04-11 14:33:00+00:00,191.7646026611328,157.57000732421875,381.8299865722656
2025-04-11 14:34:00+00:00,191.71499633789062,157.49000549316406,381.8550109863281
2025-04-11 14:35:00+00:00,191.89999389648438,157.42999267578125,382.0899963378906
2025-04-11 14:36:00+00:00,192.0800018310547,157.69000244140625,382.260009765625
2025-04-11 14:37:00+00:00,191.72500610351562,157.4600067138672,381.9255065917969
2025-04-11 14:38:00+00:00,191.88999938964844,157.67999267578125,381.9100036621094
2025-04-11 14:39:00+00:00,192.02000427246094,157.69000244140625,382.114990234375
2025-04-11 14:40:00+00:00,191.99000549316406,157.47500610351562,381.6099853515625
2025-04-11 14:41:00+00:00,191.88999938964844,157.3800048828125,381.5535888671875
2025-04-11 14:42:00+00:00,192.4250030517578,157.63999938964844,382.1499938964844
2025-04-11 14:43:00+00:00,192.18319702148438,157.625,381.614990234375
2025-04-11 14:44:00+00:00,192.9250030517578,157.8800048828125,382.6400146484375
2025-04-11 14:45:00+00:00,193.3000030517578,158.07000732421875,382.7200012207031
2025-04-11 14:46:00+00:00,193.3249969482422,157.9550018310547,382.7099914550781
2025-04-11 14:47:00+00:00,193.41000366210938,157.9499969482422,382.989990234375
2025-04-11 14:48:00+00:00,193.42999267578125,157.9199981689453,383.2449951171875
2025-04-11 14:49:00+00:00,193.5500030517578,157.89990234375,383.0199890136719
2025-04-11 14:50:00+00:00,193.0050048828125,157.61399841308594,382.2799987792969
2025-04-11 14:51:00+00:00,192.875,157.72000122070312,382.4200134277344
2025-04-11 14:52:00+00:00,192.86000061035156,157.74000549316406,382.3599853515625
2025-04-11 14:53:00+00:00,192.60000610351562,157.50999450683594,382.010009765625
2025-04-11 14:54:00+00:00,193.02999877929688,157.72999572753906,382.5450134277344
2025-04-11 14:55:00+00:00,192.87930297851562,157.64999389648438,382.635009765625
2025-04-11 14:56:00+00:00,192.88499450683594,157.60000610351562,382.7174987792969
2025-04-11 14:57:00+00:00,193.02999877929688,157.71499633789062,383.2099914550781
2025-04-11 14:58:00+00:00,192.5399932861328,157.5,382.7099914550781
2025-04-11 14:59:00+00:00,192.27999877929688,157.32000732421875,382.69000244140625
2025-04-11 15:00:00+00:00,192.97000122070312,157.5850067138672,383.3699951171875
2025-04-11 15:01:00+00:00,192.72999572753906,157.42999267578125,382.20001220703125
2025-04-11 15:02:00+00:00,192.79429626464844,157.60000610351562,382.6700134277344
2025-04-11 15:03:00+00:00,192.0,157.27169799804688,381.68499755859375
2025-04-11 15:04:00+00:00,192.30999755859375,157.35000610351562,381.75
2025-04-11 15:05:00+00:00,191.9199981689453,157.0749969482422,381.2900085449219
2025-04-11 15:06:00+00:00,192.22000122070312,156.9600067138672,381.2149963378906
2025-04-11 15:07:00+00:00,192.50999450683594,156.92999267578125,381.2854919433594
2025-04-11 15:08:00+00:00,192.97999572753906,157.1300048828125,381.7898864746094
2025-04-11 15:09:00+00:00,193.66000366210938,157.22000122070312,382.3299865722656
2025-04-11 15:10:00+00:00,193.63999938964844,157.2100067138672,382.3949890136719
2025-04-11 15:11:00+00:00,193.6699981689453,157.2899932861328,382.42999267578125
2025-04-11 15:12:00+00:00,193.47250366210938,157.0500030517578,382.19000244140625
2025-04-11 15:13:00+00:00,192.9600067138672,156.83999633789062,381.8599853515625
2025-04-11 15:14:00+00:00,192.72999572753906,156.8300018310547,381.55999755859375
2025-04-11 15:15:00+00:00,192.5800018310547,156.89999389648438,381.6825866699219
2025-04-11 15:16:00+00:00,192.55999755859375,156.8800048828125,381.5450134277344
2025-04-11 15:17:00+00:00,192.63499450683594,156.85000610351562,381.510009765625
2025-04-11 15:18:00+00:00,192.13499450683594,156.71499633789062,381.0400085449219
2025-04-11 15:19:00+00:00,192.36000061035156,156.8699951171875,381.260009765625
2025-04-11 15:20:00+00:00,192.4600067138672,156.96499633789062,381.489990234375
2025-04-11 15:21:00+00:00,192.82000732421875,157.0500030517578,381.8800048828125
2025-04-11 15:22:00+00:00,192.53250122070312,156.89999389648438,381.7099914550781
2025-04-11 15:23:00+00:00,192.09500122070312,156.6300048828125,381.1025085449219
2025-04-11 15:24:00+00:00,192.52000427246094,156.69500732421875,381.45001220703125
2025-04-11 15:25:00+00:00,192.84500122070312,156.99000549316406,381.989990234375
2025-04-11 15:26:00+00:00,192.5500030517578,156.6999969482422,381.6864929199219
2025-04-11 15:27:00+00:00,193.07000732421875,157.06500244140625,382.32501220703125
2025-04-11 15:28:00+00:00,193.3708038330078,157.375,382.56500244140625
2025-04-11 15:29:00+00:00,193.32000732421875,157.27000427246094,382.57000732421875
2025-04-11 15:30:00+00:00,193.34500122070312,157.44500732421875,382.8500061035156
2025-04-11 15:31:00+00:00,193.18649291992188,157.22999572753906,382.510009765625
2025-04-11 15:32:00+00:00,193.4499969482422,157.41000366210938,383.1199951171875
2025-04-11 15:33:00+00:00,193.5,157.41000366210938,383.010009765625
2025-04-11 15:34:00+00:00,193.5850067138672,157.5135040283203,383.3500061035156
2025-04-11 15:35:00+00:00,193.27000427246094,157.41000366210938,383.0
2025-04-11 15:36:00+00:00,193.56759643554688,157.6199951171875,383.8599853515625
2025-04-11 15:37:00+00:00,193.64999389648438,157.72999572753906,384.17999267578125
2025-04-11 15:38:00+00:00,194.05999755859375,157.82000732421875,384.54998779296875
2025-04-11 15:39:00+00:00,194.68499755859375,158.1199951171875,385.1625061035156
2025-04-11 15:40:00+00:00,194.22000122070312,157.7899932861328,384.8900146484375
2025-04-11 15:41:00+00:00,194.25999450683594,157.75,384.6700134277344
2025-04-11 15:42:00+00:00,194.83070373535156,157.9250030517578,385.1050109863281
2025-04-11 15:43:00+00:00,194.6300048828125,158.00999450683594,385.010009765625
2025-04-11 15:44:00+00:00,194.6300048828125,158.02999877929688,385.2650146484375
2025-04-11 15:45:00+00:00,194.82000732421875,158.0500030517578,385.1549987792969
2025-04-11 15:46:00+00:00,194.61500549316406,158.02000427246094,385.3999938964844
2025-04-11 15:47:00+00:00,195.02499389648438,158.25,385.8399963378906
2025-04-11 15:48:00+00:00,195.07000732421875,158.2100067138672,386.0799865722656
2025-04-11 15:49:00+00:00,194.9550018310547,158.16000366210938,385.989501953125
2025-04-11 15:50:00+00:00,194.91000366210938,157.99000549316406,385.6099853515625
2025-04-11 15:51:00+00:00,194.59060668945312,157.89109802246094,385.3052978515625
2025-04-11 15:52:00+00:00,194.9199981689453,158.00999450683594,385.5
2025-04-11 15:53:00+00:00,194.85000610351562,158.09500122070312,385.6199951171875
2025-04-11 15:54:00+00:00,194.78289794921875,158.02000427246094,385.45001220703125
2025-04-11 15:55:00+00:00,194.97000122070312,158.0800018310547,385.510009765625
2025-04-11 15:56:00+00:00,195.42999267578125,158.22000122070312,385.7850036621094
2025-04-11 15:57:00+00:00,195.27999877929688,158.04049682617188,385.8399963378906
2025-04-11 15:58:00+00:00,195.57000732421875,158.24159240722656,386.0799865722656
2025-04-11 15:59:00+00:00,195.63999938964844,158.2100067138672,386.1300048828125
2025-04-11 16:00:00+00:00,195.59500122070312,158.30999755859375,386.1549987792969
2025-04-11 16:01:00+00:00,195.7100067138672,158.19679260253906,385.7300109863281
2025-04-11 16:02:00+00:00,196.02499389648438,158.25999450683594,386.0400085449219
2025-04-11 16:03:00+00:00,196.05999755859375,158.1300048828125,385.6400146484375
2025-04-11 16:04:00+00:00,196.56500244140625,158.30499267578125,386.1199951171875
2025-04-11 16:05:00+00:00,197.13999938964844,158.42999267578125,386.7799987792969
2025-04-11 16:06:00+00:00,197.35000610351562,158.65499877929688,387.3623962402344
2025-04-11 16:07:00+00:00,196.91000366210938,158.5,386.909912109375
2025-04-11 16:08:00+00:00,196.94500732421875,158.49000549316406,386.9649963378906
2025-04-11 16:09:00+00:00,196.22000122070312,158.4199981689453,386.635009765625
2025-04-11 16:10:00+00:00,196.3800048828125,158.63999938964844,386.9657897949219
2025-04-11 16:11:00+00:00,196.1699981689453,158.60499572753906,386.885009765625
2025-04-11 16:12:00+00:00,196.4499969482422,158.71249389648438,387.31500244140625
2025-04-11 16:13:00+00:00,196.35499572753906,158.64999389648438,386.94000244140625
2025-04-11 16:14:00+00:00,195.86199951171875,158.5050048828125,386.57501220703125
2025-04-11 16:15:00+00:00,195.69000244140625,158.38999938964844,386.31500244140625
2025-04-11 16:16:00+00:00,196.53729248046875,158.57000732421875,386.8949890136719
2025-04-11 16:17:00+00:00,196.8249969482422,158.5800018310547,386.7825012207031
2025-04-11 16:18:00+00:00,196.66000366210938,158.5,386.67999267578125
2025-04-11 16:19:00+00:00,197.0102996826172,158.5399932861328,387.1400146484375
2025-04-11 16:20:00+00:00,196.85499572753906,158.52499389648438,387.1346130371094
2025-04-11 16:21:00+00:00,196.5399932861328,158.41000366210938,386.81451416015625
2025-04-11 16:22:00+00:00,196.66250610351562,158.4499969482422,386.7200012207031
2025-04-11 16:23:00+00:00,196.7899932861328,158.47999572753906,386.89678955078125
2025-04-11 16:24:00+00:00,196.09559631347656,158.30999755859375,386.40069580078125
2025-04-11 16:25:00+00:00,196.0500030517578,158.21499633789062,386.09051513671875
2025-04-11 16:26:00+00:00,195.77999877929688,158.2449951171875,385.93499755859375
2025-04-11 16:27:00+00:00,195.8300018310547,158.39999389648438,386.1532897949219
2025-04-11 16:28:00+00:00,196.3699951171875,158.4499969482422,386.45001220703125
2025-04-11 16:29:00+00:00,195.80099487304688,158.33999633789062,386.2099914550781
2025-04-11 16:30:00+00:00,196.30499267578125,158.53500366210938,386.6600036621094
2025-04-11 16:31:00+00:00,196.6501007080078,158.7550048828125,387.2650146484375
2025-04-11 16:32:00+00:00,197.08529663085938,158.97999572753906,387.5899963378906
2025-04-11 16:33:00+00:00,197.2100067138672,159.1699981689453,387.7550048828125
2025-04-11 16:34:00+00:00,197.25999450683594,159.1699981689453,387.6650085449219
2025-04-11 16:35:00+00:00,197.60499572753906,159.17999267578125,387.5462951660156
2025-04-11 16:36:00+00:00,197.9550018310547,159.44500732421875,387.7699890136719
2025-04-11 16:37:00+00:00,198.11000061035156,159.5709991455078,388.010009765625
2025-04-11 16:38:00+00:00,198.02000427246094,159.7050018310547,388.0
2025-04-11 16:39:00+00:00,197.50999450683594,159.59120178222656,387.54998779296875
2025-04-11 16:40:00+00:00,197.39999389648438,159.4949951171875,387.3399963378906
2025-04-11 16:41:00+00:00,197.1300048828125,159.48500061035156,387.125
2025-04-11 16:42:00+00:00,197.52310180664062,159.60499572753906,387.32000732421875
2025-04-11 16:43:00+00:00,197.74000549316406,159.72999572753906,387.4800109863281
2025-04-11 16:44:00+00:00,197.8000030517578,159.7135009765625,387.364990234375
2025-04-11 16:45:00+00:00,197.9499969482422,159.47000122070312,387.17999267578125
2025-04-11 16:46:00+00:00,197.91000366210938,159.48500061035156,386.92999267578125
2025-04-11 16:47:00+00:00,197.96499633789062,159.5449981689453,387.510009765625
2025-04-11 16:48:00+00:00,198.61000061035156,159.59500122070312,387.69000244140625
2025-04-11 16:49:00+00:00,199.0399932861328,159.69000244140625,387.5350036621094
2025-04-11 16:50:00+00:00,198.8000030517578,159.5500030517578,387.0799865722656
2025-04-11 16:51:00+00:00,198.5399932861328,159.47999572753906,387.0639953613281
2025-04-11 16:52:00+00:00,198.9949951171875,159.61000061035156,387.4599914550781
2025-04-11 16:53:00+00:00,198.8350067138672,159.3699951171875,387.32501220703125
2025-04-11 16:54:00+00:00,199.1699981689453,159.50979614257812,387.5899963378906
2025-04-11 16:55:00+00:00,199.25999450683594,159.50999450683594,387.7200012207031
2025-04-11 16:56:00+00:00,198.5803985595703,159.3300018310547,387.3299865722656
2025-04-11 16:57:00+00:00,198.85499572753906,159.5,387.42999267578125
2025-04-11 16:58:00+00:00,198.46499633789062,159.40499877929688,387.4299011230469
2025-04-11 16:59:00+00:00,198.4691925048828,159.27999877929688,387.0950012207031
2025-04-11 17:00:00+00:00,197.8979949951172,159.13999938964844,386.5199890136719
2025-04-11 17:01:00+00:00,198.13999938964844,159.17999267578125,386.7699890136719
2025-04-11 17:02:00+00:00,198.5399932861328,159.4199981689453,387.2699890136719
2025-04-11 17:03:00+00:00,198.66000366210938,159.44000244140625,387.2900085449219
2025-04-11 17:04:00+00:00,198.33999633789062,159.27000427246094,386.9750061035156
2025-04-11 17:05:00+00:00,197.9801025390625,159.24000549316406,386.67498779296875
2025-04-11 17:06:00+00:00,198.7592010498047,159.57000732421875,387.2149963378906
2025-04-11 17:07:00+00:00,198.5399932861328,159.49949645996094,387.1050109863281
2025-04-11 17:08:00+00:00,198.27749633789062,159.2449951171875,386.5350036621094
2025-04-11 17:09:00+00:00,198.3699951171875,159.22999572753906,386.7674865722656
2025-04-11 17:10:00+00:00,198.27999877929688,159.13999938964844,386.6400146484375
2025-04-11 17:11:00+00:00,198.39500427246094,159.08999633789062,386.6199951171875
2025-04-11 17:12:00+00:00,198.10000610351562,159.02000427246094,386.4100036621094
2025-04-11 17:13:00+00:00,197.86399841308594,158.875,386.18499755859375
2025-04-11 17:14:00+00:00,198.15899658203125,158.99000549316406,386.4100036621094
2025-04-11 17:15:00+00:00,197.89500427246094,158.92999267578125,386.5050048828125
2025-04-11 17:16:00+00:00,198.27940368652344,159.0800018310547,386.7449951171875
2025-04-11 17:17:00+00:00,197.9600067138672,158.8000030517578,386.0775146484375
2025-04-11 17:18:00+00:00,197.44500732421875,158.4600067138672,385.2699890136719
2025-04-11 17:19:00+00:00,197.63499450683594,158.5399932861328,385.63861083984375
2025-04-11 17:20:00+00:00,197.52999877929688,158.61500549316406,385.8900146484375
2025-04-11 17:21:00+00:00,197.83230590820312,158.72999572753906,386.5299987792969
2025-04-11 17:22:00+00:00,197.88780212402344,158.92999267578125,386.7650146484375
2025-04-11 17:23:00+00:00,197.42999267578125,158.75,386.2950134277344
2025-04-11 17:24:00+00:00,197.25999450683594,158.57000732421875,385.9750061035156
2025-04-11 17:25:00+00:00,197.08999633789062,158.47999572753906,385.9150085449219
2025-04-11 17:26:00+00:00,197.2447052001953,158.4600067138672,385.7699890136719
2025-04-11 17:27:00+00:00,197.1300048828125,158.3800048828125,385.8500061035156
2025-04-11 17:28:00+00:00,196.90499877929688,158.4499969482422,385.5249938964844
2025-04-11 17:29:00+00:00,196.83070373535156,158.36000061035156,385.42999267578125
2025-04-11 17:30:00+00:00,196.7299041748047,158.30999755859375,385.760009765625
2025-04-11 17:31:00+00:00,196.1300048828125,157.9199981689453,385.0
2025-04-11 17:32:00+00:00,196.60000610351562,158.25999450683594,385.7200012207031
2025-04-11 17:33:00+00:00,196.1649932861328,158.14999389648438,385.3699951171875
2025-04-11 17:34:00+00:00,196.5500030517578,158.3000030517578,385.6499938964844
2025-04-11 17:35:00+00:00,196.25999450683594,158.05999755859375,385.260009765625
2025-04-11 17:36:00+00:00,197.07000732421875,158.47000122070312,385.9314880371094
2025-04-11 17:37:00+00:00,197.375,158.63999938964844,386.1600036621094
2025-04-11 17:38:00+00:00,197.55999755859375,158.72999572753906,386.4800109863281
2025-04-11 17:39:00+00:00,197.7899932861328,158.97999572753906,387.2900085449219
2025-04-11 17:40:00+00:00,198.3000030517578,159.25999450683594,387.84619140625
2025-04-11 17:41:00+00:00,198.17999267578125,158.99000549316406,387.5899963378906
2025-04-11 17:42:00+00:00,198.5,159.25999450683594,387.8599853515625
2025-04-11 17:43:00+00:00,199.15499877929688,159.6699981689453,388.70001220703125
2025-04-11 17:44:00+00:00,199.16310119628906,159.61630249023438,388.914794921875
2025-04-11 17:45:00+00:00,198.64999389648438,159.4199981689453,388.6300048828125
2025-04-11 17:46:00+00:00,198.25,159.33999633789062,388.3179931640625
2025-04-11 17:47:00+00:00,198.02749633789062,159.1439971923828,388.2049865722656
2025-04-11 17:48:00+00:00,198.35009765625,159.4600067138672,388.489990234375
2025-04-11 17:49:00+00:00,198.52459716796875,159.47000122070312,388.55999755859375
2025-04-11 17:50:00+00:00,198.531494140625,159.5,388.57501220703125
2025-04-11 17:51:00+00:00,198.39999389648438,159.41000366210938,388.9949951171875
2025-04-11 17:52:00+00:00,198.4199981689453,159.35000610351562,389.0150146484375
2025-04-11 17:53:00+00:00,198.74000549316406,159.53500366210938,389.7049865722656
2025-04-11 17:54:00+00:00,198.6699981689453,159.58999633789062,389.4129943847656
2025-04-11 17:55:00+00:00,198.49000549316406,159.4600067138672,388.9800109863281
2025-04-11 17:56:00+00:00,198.10000610351562,159.22999572753906,388.82000732421875
2025-04-11 17:57:00+00:00,198.72500610351562,159.3699951171875,388.87030029296875
2025-04-11 17:58:00+00:00,198.3300018310547,159.25,388.7950134277344
2025-04-11 17:59:00+00:00,198.25999450683594,159.25,388.7650146484375
2025-04-11 18:00:00+00:00,198.0045928955078,159.1300048828125,388.760009765625
2025-04-11 18:01:00+00:00,198.0449981689453,159.18499755859375,388.6650085449219
2025-04-11 18:02:00+00:00,197.92999267578125,159.2100067138672,388.8999938964844
2025-04-11 18:03:00+00:00,198.08999633789062,159.27000427246094,388.885009765625
2025-04-11 18:04:00+00:00,198.1300048828125,159.2899932861328,389.1099853515625
2025-04-11 18:05:00+00:00,197.85499572753906,159.19000244140625,388.70001220703125
2025-04-11 18:06:00+00:00,197.4965057373047,159.02000427246094,388.3900146484375
2025-04-11 18:07:00+00:00,197.6999969482422,158.92999267578125,388.17181396484375
2025-04-11 18:08:00+00:00,197.9499969482422,158.91000366210938,388.06500244140625
2025-04-11 18:09:00+00:00,197.97000122070312,158.7949981689453,388.014404296875
2025-04-11 18:10:00+00:00,197.90249633789062,158.69000244140625,387.80499267578125
2025-04-11 18:11:00+00:00,198.3321990966797,158.85000610351562,388.0899963378906
2025-04-11 18:12:00+00:00,198.36000061035156,158.89999389648438,388.1400146484375
2025-04-11 18:13:00+00:00,198.38839721679688,158.9250030517578,388.1474914550781
2025-04-11 18:14:00+00:00,198.2100067138672,158.89500427246094,388.1000061035156
2025-04-11 18:15:00+00:00,198.2899932861328,158.97999572753906,388.44000244140625
2025-04-11 18:16:00+00:00,198.01010131835938,158.8800048828125,388.0299987792969
2025-04-11 18:17:00+00:00,197.8125,158.78250122070312,387.864990234375
2025-04-11 18:18:00+00:00,197.75999450683594,158.7449951171875,387.7349853515625
2025-04-11 18:19:00+00:00,197.54110717773438,158.6649932861328,387.739990234375
2025-04-11 18:20:00+00:00,197.40890502929688,158.72999572753906,387.7688903808594
2025-04-11 18:21:00+00:00,197.15499877929688,158.66000366210938,387.5400085449219
2025-04-11 18:22:00+00:00,197.75999450683594,158.88999938964844,388.2699890136719
2025-04-11 18:23:00+00:00,197.4250030517578,158.6999969482422,387.864990234375
2025-04-11 18:24:00+00:00,197.5500030517578,158.81500244140625,388.2869873046875
2025-04-11 18:25:00+00:00,197.18499755859375,158.6999969482422,388.1000061035156
2025-04-11 18:26:00+00:00,197.22500610351562,158.67999267578125,388.2449951171875
2025-04-11 18:27:00+00:00,197.22999572753906,158.55999755859375,387.9150085449219
2025-04-11 18:28:00+00:00,197.23899841308594,158.6199951171875,387.95001220703125
2025-04-11 18:29:00+00:00,197.5800018310547,158.82000732421875,388.3500061035156
2025-04-11 18:30:00+00:00,197.82000732421875,158.86000061035156,388.68499755859375
2025-04-11 18:31:00+00:00,197.55960083007812,158.82000732421875,388.6000061035156
2025-04-11 18:32:00+00:00,197.72520446777344,158.8699951171875,388.864990234375
2025-04-11 18:33:00+00:00,197.81500244140625,158.8699951171875,389.07000732421875
2025-04-11 18:34:00+00:00,197.75999450683594,158.77999877929688,388.6600036621094
2025-04-11 18:35:00+00:00,197.885498046875,158.83999633789062,388.9750061035156
2025-04-11 18:36:00+00:00,198.13999938964844,159.0,389.4150085449219
2025-04-11 18:37:00+00:00,197.98500061035156,158.94459533691406,389.3949890136719
2025-04-11 18:38:00+00:00,197.5500030517578,158.75,388.5700988769531
2025-04-11 18:39:00+00:00,197.9300994873047,158.88999938964844,389.0723876953125
2025-04-11 18:40:00+00:00,198.22000122070312,159.10000610351562,389.4100036621094
2025-04-11 18:41:00+00:00,198.2949981689453,159.07000732421875,389.4750061035156
2025-04-11 18:42:00+00:00,198.19869995117188,159.02000427246094,389.32501220703125
2025-04-11 18:43:00+00:00,198.1699981689453,159.01939392089844,389.2300109863281
2025-04-11 18:44:00+00:00,198.1999969482422,159.02999877929688,389.2749938964844
2025-04-11 18:45:00+00:00,198.4499969482422,159.11000061035156,389.3550109863281
2025-04-11 18:46:00+00:00,198.42999267578125,159.02999877929688,389.3800048828125
2025-04-11 18:47:00+00:00,198.31500244140625,159.0050048828125,389.19000244140625
2025-04-11 18:48:00+00:00,198.51800537109375,159.0449981689453,389.4482116699219
2025-04-11 18:49:00+00:00,198.3350067138672,159.03500366210938,389.3705139160156
2025-04-11 18:50:00+00:00,198.3424072265625,158.97019958496094,389.3399963378906
2025-04-11 18:51:00+00:00,197.73060607910156,158.69500732421875,388.5299987792969
2025-04-11 18:52:00+00:00,197.73049926757812,158.72999572753906,388.6549987792969
2025-04-11 18:53:00+00:00,197.97999572753906,158.88499450683594,388.9750061035156
2025-04-11 18:54:00+00:00,198.0399932861328,158.89999389648438,389.0400085449219
2025-04-11 18:55:00+00:00,197.97000122070312,158.83090209960938,388.80499267578125
2025-04-11 18:56:00+00:00,197.7100067138672,158.72500610351562,388.43499755859375
2025-04-11 18:57:00+00:00,197.56500244140625,158.67999267578125,388.31500244140625
2025-04-11 18:58:00+00:00,197.72000122070312,158.66000366210938,388.3900146484375
2025-04-11 18:59:00+00:00,197.5399932861328,158.52999877929688,388.0199890136719
2025-04-11 19:00:00+00:00,197.85870361328125,158.77999877929688,388.54998779296875
2025-04-11 19:01:00+00:00,198.02000427246094,158.8997039794922,388.7001953125
2025-04-11 19:02:00+00:00,198.3800048828125,159.19000244140625,389.17498779296875
2025-04-11 19:03:00+00:00,198.3249969482422,159.19000244140625,388.9949951171875
2025-04-11 19:04:00+00:00,198.1999969482422,159.22999572753906,388.8900146484375
2025-04-11 19:05:00+00:00,198.04660034179688,159.03500366210938,388.4200134277344
2025-04-11 19:06:00+00:00,198.4499969482422,159.23049926757812,388.9700012207031
2025-04-11 19:07:00+00:00,198.5399932861328,159.3000030517578,388.9700012207031
2025-04-11 19:08:00+00:00,198.4600067138672,159.32000732421875,388.8900146484375
2025-04-11 19:09:00+00:00,198.5,159.38499450683594,389.0249938964844
2025-04-11 19:10:00+00:00,198.39500427246094,159.33009338378906,388.8699951171875
2025-04-11 19:11:00+00:00,198.32000732421875,159.2899932861328,388.7349853515625
2025-04-11 19:12:00+00:00,198.4600067138672,159.3000030517578,388.6933898925781
2025-04-11 19:13:00+00:00,198.74000549316406,159.46499633789062,389.0199890136719
2025-04-11 19:14:00+00:00,198.60000610351562,159.4499969482422,388.9100036621094
2025-04-11 19:15:00+00:00,198.3800048828125,159.3300018310547,388.510009765625
2025-04-11 19:16:00+00:00,198.36000061035156,159.31500244140625,388.56561279296875
2025-04-11 19:17:00+00:00,198.14999389648438,159.125,388.2850036621094
2025-04-11 19:18:00+00:00,198.32000732421875,159.2449951171875,388.55999755859375
2025-04-11 19:19:00+00:00,198.59500122070312,159.33999633789062,388.7900085449219
2025-04-11 19:20:00+00:00,198.66000366210938,159.33999633789062,388.8450012207031
2025-04-11 19:21:00+00:00,198.77999877929688,159.3000030517578,388.8599853515625
2025-04-11 19:22:00+00:00,198.81500244140625,159.41000366210938,388.8299865722656
2025-04-11 19:23:00+00:00,198.89999389648438,159.49000549316406,389.04998779296875
2025-04-11 19:24:00+00:00,198.8350067138672,159.44000244140625,388.9700012207031
2025-04-11 19:25:00+00:00,198.7100067138672,159.3800048828125,388.7149963378906
2025-04-11 19:26:00+00:00,198.74000549316406,159.4199981689453,388.7847900390625
2025-04-11 19:27:00+00:00,198.64999389648438,159.3800048828125,388.67999267578125
2025-04-11 19:28:00+00:00,198.42999267578125,159.36000061035156,388.3999938964844
2025-04-11 19:29:00+00:00,198.3419952392578,159.39500427246094,388.3999938964844
2025-04-11 19:30:00+00:00,198.07000732421875,159.25,388.375
2025-04-11 19:31:00+00:00,197.94000244140625,159.27000427246094,388.45001220703125
2025-04-11 19:32:00+00:00,198.1199951171875,159.35000610351562,388.7900085449219
2025-04-11 19:33:00+00:00,198.3249969482422,159.4199981689453,389.1000061035156
2025-04-11 19:34:00+00:00,198.25160217285156,159.32000732421875,389.12078857421875
2025-04-11 19:35:00+00:00,198.00660705566406,159.1699981689453,388.55999755859375
2025-04-11 19:36:00+00:00,198.2100067138672,159.1699981689453,388.5950012207031
2025-04-11 19:37:00+00:00,197.61500549316406,158.89259338378906,387.93701171875
2025-04-11 19:38:00+00:00,197.6750030517578,159.07000732421875,388.2200012207031
2025-04-11 19:39:00+00:00,197.97999572753906,159.25,388.3599853515625
2025-04-11 19:40:00+00:00,198.0,159.21499633789062,388.2995910644531
2025-04-11 19:41:00+00:00,198.05999755859375,159.3800048828125,388.82501220703125
2025-04-11 19:42:00+00:00,197.8300018310547,159.32000732421875,388.6000061035156
2025-04-11 19:43:00+00:00,197.93499755859375,159.3000030517578,388.6499938964844
2025-04-11 19:44:00+00:00,198.10499572753906,159.4499969482422,388.875
2025-04-11 19:45:00+00:00,197.94500732421875,159.27999877929688,388.25
2025-04-11 19:46:00+00:00,197.97000122070312,159.25999450683594,388.4200134277344
2025-04-11 19:47:00+00:00,198.10000610351562,159.35000610351562,388.3160095214844
2025-04-11 19:48:00+00:00,197.85000610351562,159.2899932861328,388.05999755859375
2025-04-11 19:49:00+00:00,198.03500366210938,159.35000610351562,388.2349853515625
2025-04-11 19:50:00+00:00,198.1300048828125,159.42999267578125,388.6199951171875
2025-04-11 19:51:00+00:00,198.2949981689453,159.5399932861328,388.95001220703125
2025-04-11 19:52:00+00:00,198.19000244140625,159.5,388.42999267578125
2025-04-11 19:53:00+00:00,198.0749969482422,159.35000610351562,388.4649963378906
2025-04-11 19:54:00+00:00,198.80999755859375,159.47000122070312,388.75
2025-04-11 19:55:00+00:00,198.33999633789062,159.5399932861328,388.4200134277344
2025-04-11 19:56:00+00:00,198.3800048828125,159.6439971923828,389.17999267578125
2025-04-11 19:57:00+00:00,198.16000366210938,159.52000427246094,388.57000732421875
2025-04-11 19:58:00+00:00,197.92999267578125,159.35000610351562,387.760009765625
2025-04-11 19:59:00+00:00,198.02000427246094,159.3000030517578,387.989990234375
